Size,din84:dk,din84:k,din84:n,din84:t,din84:short,din84:long,gb65:dk,gb65:k,gb65:n,gb65:t,gb65:short,gb65:long
M2-0.4,3.8,1.3,0.5,0.6,3,20,3.8,1.3,0.5,0.6,3,20
M2.5-0.45,4.5,1.6,0.6,0.7,4,25,4.5,1.6,0.6,0.7,4,25
M3-0.5,5.5,2.0,0.8,0.85,4,30,5.5,2.0,0.8,0.85,4,30
M3.5-0.6,6.0,2.4,1.0,1.0,5,35,6.0,2.4,1.0,1.0,5,35
M4-0.7,7.0,2.6,1.2,1.1,5,40,7.0,2.6,1.2,1.1,5,40
M5-0.8,8.5,3.3,1.2,1.3,6,50,8.5,3.3,1.2,1.3,6,50
M6-1,10.0,3.9,1.6,1.6,8,60,10.0,3.9,1.6,1.6,8,60
M8-1.25,13.0,5.0,2.0,2.0,10,80,13.0,5.0,2.0,2.0,10,80
M10-1.5,16.0,6.0,2.5,2.4,12,100,16.0,6.0,2.5,2.4,12,100
